fixture,evaluator,tt_mib,repeats,requested_depth,completed_depth,seldepth,best_index,score,nodes,qnodes,pvs_researches,lmr_reductions,lmr_researches,aspiration_fail_low,aspiration_fail_high,static_evaluations,tt_probes,tt_hits,tt_cutoffs,tt_stores,tt_replacements,vcf_nodes,vcf_cache_hits,vcf_probes,vcf_proven,vcf_budget_exhausted,capacity_bytes,buckets,entries,hashfull_per_mille,median_ms,nps
opening,pattern,64,5,4,4,7,96,780,8976,4672,9,0,0,10,5,3334,4266,2690,2374,1892,0,0,0,0,0,0,67108864,1048576,4194304,0,3.999,2244842
balanced_midgame,pattern,64,5,4,4,12,142,99999995,16080,12122,0,0,0,0,1,8802,3902,1092,865,3037,0,0,0,0,0,0,67108864,1048576,4194304,0,7.774,2068486
tactical_attack,pattern,64,5,4,0,1,107,99999999,0,0,0,0,0,0,0,0,0,0,0,0,0,2,0,1,1,0,67108864,1048576,4194304,0,0.015,0
forced_defense,pattern,64,5,4,4,8,112,-243120,7406,6260,24,0,0,5,2,6156,1146,601,431,715,0,0,0,0,0,0,67108864,1048576,4194304,0,2.709,2733850
transposition_rich,pattern,64,5,4,0,3,96,99999997,0,0,0,0,0,0,0,0,0,0,0,0,0,19,0,1,1,0,67108864,1048576,4194304,0,0.022,0
opening,pattern,64,3,6,6,10,129,19180,123374,75116,67,11316,47,15,10,62349,45821,28125,22774,22131,0,0,0,0,0,0,67108864,1048576,4194304,3,56.152,2197132
forced_defense,pattern,64,3,6,6,10,112,-243380,189850,140800,92,3887,50,10,7,120256,49050,14528,11272,37569,0,0,0,0,0,0,67108864,1048576,4194304,9,87.425,2171573
vcf_win,pattern,64,5,4,0,5,111,99999995,0,0,0,0,0,0,0,0,0,0,0,0,0,35,0,1,1,0,67108864,1048576,4194304,0,0.025,0
non_vcf_tactical,pattern,64,5,4,4,8,94,22040,27912,21841,60,80,0,7,5,21211,6071,2791,2234,3835,0,54,0,1,0,0,67108864,1048576,4194304,0,10.033,2782019
